Locality,Street,Number,Type of property,Subtype of property,Price,Type of sale,Number of rooms,Living Area,Fully equipped kitchen,Furnished,Open fire,Terrace,TerraceArea,Garden,Garden area,Surface of the land,Surface area of the plot of land,Number of facades, Swimming pool,State of the building,Provincie,Gemeenschap
Seraing,Place Merlot ,6,HOUSE,HOUSE,199000,FOR_SALE,4,125.0,No,Yes,No,Yes,108.0,Yes,28.0,229,104,2,No,GOOD,Liège,Wallonia
Zaventem,Parklaan ,59/1,HOUSE,VILLA,430000,FOR_SALE,3,132.0,No,Yes,No,Yes,40.0,Yes,400.0,623,491,3,No,GOOD,Vlaams-Brabant,Flanders
Gent,Sint-Denijslaan ,1,HOUSE,HOUSE,785000,FOR_SALE,4,266.0,No,Yes,No,Yes,33.0,Yes,93.0,262,-4,2,No,TO_RENOVATE,Oost-Vlaanderen,Flanders
Seraing,Place Merlot ,6,HOUSE,HOUSE,179000,FOR_SALE,3,137.0,No,Yes,No,Yes,16.0,Yes,43.0,145,8,2,No,GOOD,Liège,Wallonia
Aalst,Parklaan ,63,HOUSE,HOUSE,274000,FOR_SALE,3,183.0,No,No,Yes,Yes,33.0,Yes,95.0,188,5,2,No,TO_RENOVATE,Oost-Vlaanderen,Flanders
Waterloo,Chaussée de Tervuren ,186,HOUSE,VILLA,695000,FOR_SALE,5,252.0,No,Yes,Yes,Yes,40.0,Yes,450.0,786,534,4,No,TO_BE_DONE_UP,Brabant wallon,Wallonia
Zaventem,Parklaan ,59/1,HOUSE,TOWN_HOUSE,339000,FOR_SALE,2,132.0,No,Yes,No,Yes,44.0,Yes,72.0,165,33,2,No,TO_BE_DONE_UP,Vlaams-Brabant,Flanders
Zaventem,Parklaan ,59/1,HOUSE,HOUSE,345000,FOR_SALE,3,115.0,No,Yes,No,Yes,24.0,Yes,125.0,238,123,3,No,TO_BE_DONE_UP,Vlaams-Brabant,Flanders
Waterloo,Chaussée Bara ,339,HOUSE,HOUSE,549000,FOR_SALE,4,207.0,No,Yes,No,Yes,25.0,Yes,230.0,464,257,3,No,GOOD,Brabant wallon,Wallonia
Waterloo,Chaussée Bara ,339,HOUSE,HOUSE,549000,FOR_SALE,4,207.0,No,Yes,No,Yes,25.0,Yes,230.0,464,257,3,No,GOOD,Brabant wallon,Wallonia
Seraing,Place Merlot ,6,HOUSE,HOUSE,135000,FOR_SALE,2,87.0,No,Yes,No,Yes,17.0,Yes,40.0,120,33,2,No,TO_BE_DONE_UP,Liège,Wallonia
Seraing,Place Merlot ,6,HOUSE,HOUSE,179000,FOR_SALE,3,82.0,No,Yes,No,Yes,13.0,Yes,65.0,128,46,2,No,JUST_RENOVATED,Liège,Wallonia
Seraing,Place Merlot ,6,HOUSE,HOUSE,219000,FOR_SALE,2,100.0,No,Yes,No,Yes,53.0,Yes,220.0,373,273,3,No,GOOD,Liège,Wallonia
Seraing,Place Merlot ,6,HOUSE,HOUSE,249000,FOR_SALE,3,122.0,No,Yes,No,Yes,34.0,Yes,130.0,267,145,3,No,GOOD,Liège,Wallonia
Seraing,Place Merlot ,6,HOUSE,HOUSE,269000,FOR_SALE,3,110.0,No,Yes,No,Yes,15.0,Yes,120.0,231,121,3,No,GOOD,Liège,Wallonia
Zaventem,Parklaan ,59/1,HOUSE,TOWN_HOUSE,399000,FOR_SALE,3,150.0,No,Yes,No,Yes,21.0,Yes,200.0,264,114,3,No,GOOD,Vlaams-Brabant,Flanders
Zaventem,Parklaan ,59/1,HOUSE,BUNGALOW,425000,FOR_SALE,3,140.0,No,Yes,No,Yes,24.0,Yes,260.0,800,660,4,No,TO_BE_DONE_UP,Vlaams-Brabant,Flanders
Seraing,Place Merlot ,6,HOUSE,HOUSE,435000,FOR_SALE,5,160.0,No,Yes,No,Yes,86.0,Yes,1500.0,2000,1840,3,No,AS_NEW,Liège,Wallonia
Zaventem,Parklaan ,59/1,HOUSE,HOUSE,448000,FOR_SALE,4,150.0,No,Yes,No,Yes,16.0,Yes,14.0,130,-20,2,No,GOOD,Vlaams-Brabant,Flanders
Zaventem,Parklaan ,59/1,HOUSE,HOUSE,460000,FOR_SALE,5,250.0,No,Yes,No,Yes,20.0,Yes,110.0,220,-30,2,No,TO_BE_DONE_UP,Vlaams-Brabant,Flanders
Anderlecht,Rue Potaerdenberg ,31,HOUSE,HOUSE,480000,FOR_SALE,3,219.0,No,Yes,No,Yes,30.0,Yes,308.0,398,179,3,No,GOOD,Brussels Hoofdstedelijk Gewest,Brussels
Gent,Sint-Denijslaan ,1,HOUSE,HOUSE,495000,FOR_SALE,4,194.0,No,Yes,No,Yes,66.0,Yes,630.0,975,781,3,No,GOOD,Oost-Vlaanderen,Flanders
Waterloo,drève richelle ,96,HOUSE,VILLA,500000,FOR_SALE,5,265.0,No,Yes,No,Yes,76.0,Yes,457.0,857,592,4,No,TO_RENOVATE,Brabant wallon,Wallonia
Anderlecht,Rue Potaerdenberg ,31,HOUSE,APARTMENT_BLOCK,525000,FOR_SALE,3,240.0,No,Yes,No,Yes,26.0,Yes,28.0,131,-109,2,No,GOOD,Brussels Hoofdstedelijk Gewest,Brussels
Waterloo,drève richelle ,96,HOUSE,HOUSE,580000,FOR_SALE,3,172.0,No,Yes,No,Yes,5.0,Yes,1700.0,2180,2008,4,No,GOOD,Brabant wallon,Wallonia
Zaventem,Parklaan ,59/1,HOUSE,VILLA,649000,FOR_SALE,4,200.0,No,Yes,No,Yes,35.0,Yes,865.0,1000,800,4,No,AS_NEW,Vlaams-Brabant,Flanders
Waterloo,drève richelle ,96,HOUSE,VILLA,650000,FOR_SALE,4,248.0,No,Yes,No,Yes,100.0,Yes,666.0,1115,867,4,No,GOOD,Brabant wallon,Wallonia
Etterbeek,Avenue de Tervuren ,113,HOUSE,MANSION,1950000,FOR_SALE,6,497.0,No,Yes,No,Yes,24.0,Yes,40.0,242,-255,2,No,GOOD,Brussels Hoofdstedelijk Gewest,Brussels
Brasschaat,Bredabaan ,260,HOUSE,VILLA,1950000,FOR_SALE,5,577.0,No,Yes,Yes,Yes,396.0,Yes,8500.0,10431,9854,4,No,GOOD,Antwerpen,Flanders
Gent,Sint-Denijslaan ,1,HOUSE,HOUSE,290000,FOR_SALE,4,195.0,No,Yes,No,Yes,68.0,Yes,380.0,689,494,3,No,TO_RENOVATE,Oost-Vlaanderen,Flanders
Aalst,Parklaan ,63,HOUSE,HOUSE,274000,FOR_SALE,3,183.0,No,No,Yes,Yes,33.0,Yes,95.0,0,-183,2,No,TO_RENOVATE,Oost-Vlaanderen,Flanders
Liège,rue des dominicains ,4E,HOUSE,HOUSE,465000,FOR_SALE,4,160.0,No,Yes,No,Yes,50.0,Yes,434.0,434,274,3,No,AS_NEW,Liège,Wallonia
Anderlecht,Rue Potaerdenberg ,31,HOUSE,HOUSE,380000,FOR_SALE,1,180.0,No,Yes,No,Yes,14.0,Yes,85.0,227,47,2,No,TO_BE_DONE_UP,Brussels Hoofdstedelijk Gewest,Brussels
Gent,Sint-Denijslaan ,1,HOUSE,HOUSE,299000,FOR_SALE,4,200.0,No,Yes,No,Yes,30.0,Yes,83.0,207,7,2,No,GOOD,Oost-Vlaanderen,Flanders
Jette,Rue Eugène Toussaint ,65,HOUSE,HOUSE,349000,FOR_SALE,3,157.0,No,Yes,No,Yes,20.0,Yes,200.0,280,123,2,No,GOOD,Brussels Hoofdstedelijk Gewest,Brussels
Ganshoren,Rue Prince Baudouin ,67/15,HOUSE,HOUSE,389000,FOR_SALE,3,145.0,No,Yes,No,Yes,8.0,Yes,130.0,130,-15,2,No,GOOD,Brussels Hoofdstedelijk Gewest,Brussels
Zaventem,Parklaan ,59/1,HOUSE,HOUSE,449000,FOR_SALE,5,208.0,No,Yes,No,Yes,65.0,Yes,70.0,187,-21,3,No,GOOD,Vlaams-Brabant,Flanders
Vilvoorde,Meeuwenlaan ,4,HOUSE,VILLA,575000,FOR_SALE,4,250.0,No,Yes,No,Yes,60.0,Yes,600.0,1097,847,4,No,GOOD,Vlaams-Brabant,Flanders
Zaventem,Parklaan ,59/1,HOUSE,HOUSE,600000,FOR_SALE,7,220.0,No,Yes,No,Yes,24.0,Yes,37.0,13,-207,2,No,GOOD,Vlaams-Brabant,Flanders
Anderlecht,Rue Potaerdenberg ,31,HOUSE,EXCEPTIONAL_PROPERTY,1995000,FOR_SALE,5,700.0,No,Yes,No,Yes,175.0,Yes,300.0,2500,1800,4,No,AS_NEW,Brussels Hoofdstedelijk Gewest,Brussels
Gent,Sint-Denijslaan ,1,HOUSE,VILLA,469000,FOR_SALE,4,211.0,No,Yes,No,Yes,93.0,Yes,187.0,600,389,4,No,GOOD,Oost-Vlaanderen,Flanders
Gent,Sint-Denijslaan ,1,HOUSE,HOUSE,645000,FOR_SALE,4,217.0,No,Yes,No,Yes,30.0,Yes,117.0,280,63,3,No,AS_NEW,Oost-Vlaanderen,Flanders
Vilvoorde,Meeuwenlaan ,4,HOUSE,HOUSE,439000,FOR_SALE,4,140.0,No,Yes,No,Yes,15.0,Yes,60.0,166,26,2,No,AS_NEW,Vlaams-Brabant,Flanders
Jette,Rue Eugène Toussaint ,65,HOUSE,HOUSE,449000,FOR_SALE,3,233.0,No,No,No,Yes,28.0,Yes,160.0,342,109,2,No,GOOD,Brussels Hoofdstedelijk Gewest,Brussels
Liège,Rue Bonne Fortune ,9,HOUSE,HOUSE,645000,FOR_SALE,8,366.0,No,Yes,No,Yes,50.0,Yes,600.0,930,564,4,No,AS_NEW,Liège,Wallonia
Anderlecht,Rue Potaerdenberg ,31,HOUSE,APARTMENT_BLOCK,649000,FOR_SALE,4,300.0,No,Yes,No,Yes,40.0,Yes,260.0,414,114,2,No,TO_BE_DONE_UP,Brussels Hoofdstedelijk Gewest,Brussels
Grimbergen,Keienberglaan ,84,HOUSE,VILLA,699000,FOR_SALE,3,205.0,No,Yes,No,Yes,20.0,Yes,500.0,693,488,4,No,AS_NEW,Vlaams-Brabant,Flanders
Liège,Rue Bonne Fortune ,9,HOUSE,VILLA,890000,FOR_SALE,4,315.0,No,Yes,No,Yes,100.0,Yes,6541.0,6541,6226,4,No,GOOD,Liège,Wallonia
Aalst,Molenstraat ,74,HOUSE,HOUSE,258000,FOR_SALE,4,185.0,No,No,Yes,Yes,10.0,Yes,35.0,157,-28,2,No,AS_NEW,Oost-Vlaanderen,Flanders
Waterloo,Avenue Reine Astrid ,215,HOUSE,HOUSE,695000,FOR_SALE,4,220.0,No,No,No,Yes,15.0,Yes,240.0,282,62,3,No,AS_NEW,Brabant wallon,Wallonia
Seraing,Place Merlot ,6,HOUSE,HOUSE,299000,FOR_SALE,3,137.0,No,Yes,No,Yes,30.0,Yes,203.0,370,233,3,No,AS_NEW,Liège,Wallonia
Waterloo,drève richelle ,96,HOUSE,VILLA,420000,FOR_SALE,5,150.0,No,Yes,No,Yes,20.0,Yes,500.0,906,756,4,No,GOOD,Brabant wallon,Wallonia
Dilbeek,Kasteelstraat ,1,HOUSE,HOUSE,499000,FOR_SALE,3,131.0,No,No,Yes,Yes,15.0,Yes,913.0,1325,1194,4,No,GOOD,Vlaams-Brabant,Flanders
Leuven,Dirk Boutslaan ,4,HOUSE,HOUSE,510000,FOR_SALE,4,200.0,No,Yes,No,Yes,20.0,Yes,420.0,693,493,4,No,TO_RENOVATE,Vlaams-Brabant,Flanders
Kortrijk,Doorniksewijk ,32,HOUSE,HOUSE,615000,FOR_SALE,5,315.0,No,Yes,No,Yes,85.0,Yes,900.0,1205,890,4,No,GOOD,West-Vlaanderen,Flanders
Leuven,Dirk Boutslaan ,4,HOUSE,VILLA,959000,FOR_SALE,5,300.0,No,Yes,No,Yes,40.0,Yes,630.0,951,651,4,No,AS_NEW,Vlaams-Brabant,Flanders
Ans,Rue de l'Yser ,425,HOUSE,EXCEPTIONAL_PROPERTY,419000,FOR_SALE,3,275.0,No,Yes,No,Yes,56.0,Yes,200.0,720,445,3,No,GOOD,Liège,Wallonia
Waterloo,drève richelle ,96,HOUSE,EXCEPTIONAL_PROPERTY,1980000,FOR_SALE,6,310.0,No,Yes,No,Yes,64.0,Yes,1800.0,2219,1909,4,No,AS_NEW,Brabant wallon,Wallonia
Waterloo,Chaussée Bara ,339,HOUSE,VILLA,575000,FOR_SALE,4,230.0,No,Yes,No,Yes,24.0,Yes,400.0,554,324,4,No,AS_NEW,Brabant wallon,Wallonia
Waterloo,Chaussée Bara ,339,HOUSE,HOUSE,749000,FOR_SALE,5,255.0,No,Yes,No,Yes,60.0,Yes,800.0,1126,871,3,No,AS_NEW,Brabant wallon,Wallonia
Aalst,Molenstraat ,74,HOUSE,HOUSE,248000,FOR_SALE,3,180.0,No,No,No,Yes,30.0,Yes,120.0,194,14,2,No,AS_NEW,Oost-Vlaanderen,Flanders
Kortrijk,Doorniksewijk ,32,HOUSE,VILLA,485000,FOR_SALE,3,224.0,No,Yes,No,Yes,30.0,Yes,360.0,716,492,4,No,GOOD,West-Vlaanderen,Flanders
Kortrijk,Doorniksewijk ,32,HOUSE,HOUSE,675000,FOR_SALE,4,269.0,No,Yes,No,Yes,27.0,Yes,280.0,450,181,2,No,GOOD,West-Vlaanderen,Flanders
Kortrijk,Doorniksewijk ,32,HOUSE,HOUSE,875000,FOR_SALE,5,529.0,No,Yes,No,Yes,70.0,Yes,370.0,652,123,2,No,AS_NEW,West-Vlaanderen,Flanders
Dilbeek,Astridlaan ,1,HOUSE,MIXED_USE_BUILDING,975000,FOR_SALE,5,373.0,No,No,No,Yes,100.0,Yes,3968.0,3963,3590,4,No,AS_NEW,Vlaams-Brabant,Flanders
Dilbeek,Astridlaan ,1,HOUSE,EXCEPTIONAL_PROPERTY,975000,FOR_SALE,5,373.0,No,No,No,Yes,100.0,Yes,3968.0,3963,3590,4,No,AS_NEW,Vlaams-Brabant,Flanders
Vilvoorde,Meeuwenlaan ,4,HOUSE,VILLA,980000,FOR_SALE,5,350.0,No,Yes,No,Yes,78.0,Yes,500.0,1114,764,4,No,AS_NEW,Vlaams-Brabant,Flanders
Kortrijk,Doorniksewijk ,32,HOUSE,HOUSE,985000,FOR_SALE,5,879.0,No,Yes,No,Yes,70.0,Yes,150.0,549,-330,3,No,GOOD,West-Vlaanderen,Flanders
Brasschaat,Bredabaan ,260,HOUSE,VILLA,1350000,FOR_SALE,5,693.0,No,No,Yes,Yes,56.0,Yes,2706.0,3054,2361,4,No,JUST_RENOVATED,Antwerpen,Flanders
Liège,Rue Bonne Fortune ,9,HOUSE,HOUSE,479000,FOR_SALE,4,295.0,No,No,No,Yes,20.0,Yes,20.0,0,-295,3,No,AS_NEW,Liège,Wallonia
Aalst,Molenstraat ,74,HOUSE,HOUSE,138000,FOR_SALE,4,150.0,No,Yes,No,Yes,20.0,Yes,100.0,176,26,2,No,TO_RENOVATE,Oost-Vlaanderen,Flanders
Grimbergen,Keienberglaan ,84,HOUSE,HOUSE,440000,FOR_SALE,5,157.0,No,Yes,No,Yes,20.0,Yes,70.0,300,143,3,No,GOOD,Vlaams-Brabant,Flanders
Waterloo,Chaussée de Tervuren ,99/11,HOUSE,VILLA,1700000,FOR_SALE,5,375.0,No,No,Yes,Yes,20.0,Yes,1400.0,1892,1517,4,No,GOOD,Brabant wallon,Wallonia
Waterloo,Chaussée Bara ,339,HOUSE,EXCEPTIONAL_PROPERTY,1290000,FOR_SALE,6,418.0,No,Yes,No,Yes,72.0,Yes,5300.0,5513,5095,4,No,GOOD,Brabant wallon,Wallonia
Seraing,Rue J. Wettinck ,49,HOUSE,HOUSE,430000,FOR_SALE,5,170.0,No,Yes,No,Yes,80.0,Yes,500.0,571,401,2,No,GOOD,Liège,Wallonia
Gent,Flamingostraat ,11,HOUSE,HOUSE,449000,FOR_SALE,3,257.0,No,Yes,No,Yes,2.0,Yes,45.0,153,-104,3,No,GOOD,Oost-Vlaanderen,Flanders
Liège,rue des dominicains ,4E,HOUSE,MANSION,560000,FOR_SALE,5,275.0,No,Yes,No,Yes,55.0,Yes,110.0,391,116,3,No,GOOD,Liège,Wallonia
Leuven,Tervuursevest ,356,HOUSE,HOUSE,269000,FOR_SALE,2,250.0,No,Yes,No,Yes,10.0,Yes,80.0,346,96,4,No,GOOD,Vlaams-Brabant,Flanders
Kortrijk,Doorniksewijk ,32,HOUSE,HOUSE,350000,FOR_SALE,3,115.0,No,Yes,No,Yes,10.0,Yes,360.0,589,474,4,No,TO_BE_DONE_UP,West-Vlaanderen,Flanders
Ans,Rue de l'Yser ,425,HOUSE,HOUSE,399000,FOR_SALE,3,189.0,No,Yes,No,Yes,26.0,Yes,615.0,846,657,4,No,GOOD,Liège,Wallonia
Brasschaat,Bredabaan ,260,HOUSE,HOUSE,749000,FOR_SALE,5,259.0,No info,No,Yes,Yes,40.0,Yes,952.0,1186,927,4,No,GOOD,Antwerpen,Flanders
Leuven,Dirk Boutslaan ,4,HOUSE,HOUSE,289000,FOR_SALE,4,237.0,No,Yes,No,Yes,25.0,Yes,285.0,420,183,2,No,TO_RENOVATE,Vlaams-Brabant,Flanders
Seraing,Rue Chapuis ,24,HOUSE,HOUSE,229500,FOR_SALE,3,125.0,No,Yes,No,Yes,55.0,Yes,330.0,160,35,2,No,AS_NEW,Liège,Wallonia
Aalst,Molenstraat ,74,HOUSE,HOUSE,288000,FOR_SALE,3,150.0,No,Yes,Yes,Yes,16.0,Yes,180.0,285,135,3,No,AS_NEW,Oost-Vlaanderen,Flanders
Vilvoorde,James Ensorlaan ,39,HOUSE,BUNGALOW,449000,FOR_SALE,3,155.0,No,No,Yes,Yes,21.0,Yes,150.0,597,442,4,No,GOOD,Vlaams-Brabant,Flanders
Vilvoorde,James Ensorlaan ,39,HOUSE,VILLA,449000,FOR_SALE,3,155.0,No,No,Yes,Yes,21.0,Yes,150.0,597,442,4,No,GOOD,Vlaams-Brabant,Flanders
Waterloo,Chaussée Bara ,339,HOUSE,VILLA,550000,FOR_SALE,4,240.0,No,Yes,No,Yes,28.0,Yes,720.0,1400,1160,4,No,TO_RENOVATE,Brabant wallon,Wallonia
Waterloo,Chaussée de Tervuren ,149/3,HOUSE,VILLA,650000,FOR_SALE,5,210.0,No,No,Yes,Yes,70.0,Yes,650.0,1102,892,4,No,GOOD,Brabant wallon,Wallonia
Waterloo,Chaussée de Tervuren ,149/3,HOUSE,VILLA,650000,FOR_SALE,5,210.0,No,No,Yes,Yes,70.0,Yes,650.0,1102,892,4,No,GOOD,Brabant wallon,Wallonia
Etterbeek,Avenue de Tervuren ,113,HOUSE,HOUSE,849000,FOR_SALE,4,300.0,No,Yes,No,Yes,10.0,Yes,75.0,152,-148,2,No,TO_RENOVATE,Brussels Hoofdstedelijk Gewest,Brussels
Waterloo,"Avenue de l’Etoile Polaire, ",6,HOUSE,VILLA,1200000,FOR_SALE,5,330.0,No,Yes,No,Yes,70.0,Yes,2700.0,2700,2370,4,No,GOOD,Brabant wallon,Wallonia
Etterbeek,Avenue de Tervuren ,113,HOUSE,HOUSE,1550000,FOR_SALE,6,410.0,No,Yes,No,Yes,10.0,Yes,315.0,490,80,2,No,AS_NEW,Brussels Hoofdstedelijk Gewest,Brussels
Etterbeek,Avenue de Tervuren ,113,HOUSE,MANSION,1590000,FOR_SALE,5,450.0,No,Yes,No,Yes,30.0,Yes,140.0,350,-100,2,No,TO_BE_DONE_UP,Brussels Hoofdstedelijk Gewest,Brussels
Ans,Rue de l'Yser ,425,HOUSE,EXCEPTIONAL_PROPERTY,1499000,FOR_SALE,4,425.0,No,Yes,No,Yes,60.0,Yes,2000.0,3530,3105,4,No,AS_NEW,Liège,Wallonia
Waterloo,Avenue Reine Astrid ,215,HOUSE,VILLA,3200000,FOR_SALE,5,970.0,No,No,No,Yes,77.0,Yes,9000.0,10000,9030,4,No,AS_NEW,Brabant wallon,Wallonia
Waterloo,Avenue Reine Astrid ,215,HOUSE,MIXED_USE_BUILDING,795000,FOR_SALE,3,509.0,No,No,No,Yes,15.0,Yes,200.0,639,130,4,No,GOOD,Brabant wallon,Wallonia
Seraing,Rue Chapuis ,24,HOUSE,TOWN_HOUSE,279000,FOR_SALE,3,147.0,No,Yes,No,Yes,10.0,Yes,27.0,248,101,2,No,GOOD,Liège,Wallonia
Liège,Rue Charles Magnette ,24/40,HOUSE,HOUSE,249000,FOR_SALE,4,205.0,No,No,Yes,Yes,10.0,Yes,700.0,1210,1005,3,No,GOOD,Liège,Wallonia
Laeken,Avenue de l'araucaria ,59,HOUSE,VILLA,599000,FOR_SALE,4,220.0,No,No,Yes,Yes,16.0,Yes,120.0,0,-220,4,No,GOOD,Brussels Hoofdstedelijk Gewest,Brussels
Laeken,Avenue de l'araucaria ,59,HOUSE,VILLA,599000,FOR_SALE,4,220.0,No,No,Yes,Yes,16.0,Yes,120.0,0,-220,4,No,GOOD,Brussels Hoofdstedelijk Gewest,Brussels
Waterloo,Avenue Reine Astrid ,215,HOUSE,VILLA,545000,FOR_SALE,4,220.0,No,No,No,Yes,30.0,Yes,650.0,751,531,4,No,GOOD,Brabant wallon,Wallonia
Waterloo,Avenue Reine Astrid ,215,HOUSE,VILLA,595000,FOR_SALE,4,193.0,No,Yes,No,Yes,36.0,Yes,638.0,638,445,4,No,TO_BE_DONE_UP,Brabant wallon,Wallonia
Waterloo,Avenue Reine Astrid ,215,HOUSE,VILLA,620000,FOR_SALE,4,153.0,No,No,No,Yes,20.0,Yes,750.0,859,706,4,No,GOOD,Brabant wallon,Wallonia
Etterbeek,Avenue de Tervuren ,113,HOUSE,HOUSE,695000,FOR_SALE,5,245.0,No,Yes,No,Yes,20.0,Yes,30.0,105,-140,2,No,TO_BE_DONE_UP,Brussels Hoofdstedelijk Gewest,Brussels
Etterbeek,Avenue de Tervuren ,113,HOUSE,APARTMENT_BLOCK,715000,FOR_SALE,7,322.0,No,Yes,No,Yes,28.0,Yes,100.0,175,-147,2,No,TO_RENOVATE,Brussels Hoofdstedelijk Gewest,Brussels
Laeken,Avenue de l'araucaria ,59,HOUSE,MANSION,795000,FOR_SALE,6,400.0,No,No,Yes,Yes,1.0,Yes,150.0,296,-104,2,No,AS_NEW,Brussels Hoofdstedelijk Gewest,Brussels
Etterbeek,Avenue de Tervuren ,113,HOUSE,MANSION,847500,FOR_SALE,5,216.0,No,Yes,No,Yes,20.0,Yes,40.0,116,-100,2,No,GOOD,Brussels Hoofdstedelijk Gewest,Brussels
Gent,Ottergemsesteenweg-Zuid ,808,HOUSE,HOUSE,849000,FOR_SALE,4,365.0,No,Yes,No,Yes,60.0,Yes,580.0,764,399,4,No,AS_NEW,Oost-Vlaanderen,Flanders
Etterbeek,Avenue de Tervuren ,113,HOUSE,HOUSE,890000,FOR_SALE,5,252.0,No,Yes,No,Yes,40.0,Yes,160.0,270,18,2,No,JUST_RENOVATED,Brussels Hoofdstedelijk Gewest,Brussels
Waterloo,Avenue Reine Astrid ,215,HOUSE,VILLA,895000,FOR_SALE,4,320.0,No,Yes,No,Yes,40.0,Yes,600.0,718,398,4,No,AS_NEW,Brabant wallon,Wallonia
Waterloo,"Drève Richelle, ",274,HOUSE,VILLA,1050000,FOR_SALE,5,360.0,No,Yes,Yes,Yes,70.0,Yes,650.0,846,486,4,No,JUST_RENOVATED,Brabant wallon,Wallonia
Etterbeek,Avenue de Tervuren ,113,HOUSE,APARTMENT_BLOCK,2100000,FOR_SALE,8,450.0,No,Yes,No,Yes,30.0,Yes,100.0,292,-158,2,No,GOOD,Brussels Hoofdstedelijk Gewest,Brussels
Aalst,Parklaan ,187,HOUSE,HOUSE,485000,FOR_SALE,4,188.0,No,Yes,No,Yes,60.0,Yes,250.0,506,318,4,No,AS_NEW,Oost-Vlaanderen,Flanders
Liège,rue des dominicains ,4E,HOUSE,MANSION,560000,FOR_SALE,5,275.0,No,Yes,No,Yes,55.0,Yes,110.0,391,116,3,No,GOOD,Liège,Wallonia
Waterloo,Avenue Reine Astrid ,215,HOUSE,VILLA,1350000,FOR_SALE,5,415.0,No,No,No,Yes,60.0,Yes,4000.0,4285,3870,4,No,GOOD,Brabant wallon,Wallonia
Waterloo,Avenue Reine Astrid ,215,HOUSE,VILLA,2350000,FOR_SALE,5,650.0,No,No,No,Yes,60.0,Yes,2500.0,3000,2350,4,No,AS_NEW,Brabant wallon,Wallonia
Liège,Rue du Vieux-Mayeur ,51,HOUSE,HOUSE,329000,FOR_SALE,3,137.0,No,Yes,No,Yes,35.0,Yes,135.0,294,157,2,No,AS_NEW,Liège,Wallonia
Mouscron,Rue de Menin ,400,HOUSE,HOUSE,239000,FOR_SALE,3,135.0,No,Yes,No,Yes,30.0,Yes,140.0,227,92,2,No,GOOD,Hainaut,Wallonia
Liège,Rue des Fories ,2,HOUSE,TOWN_HOUSE,205000,FOR_SALE,2,126.0,No,No,No,Yes,25.0,Yes,153.0,260,134,2,No,TO_BE_DONE_UP,Liège,Wallonia
Waterloo,Chaussée de Tervuren ,149/3,HOUSE,HOUSE,450000,FOR_SALE,4,220.0,No,No,Yes,Yes,25.0,Yes,115.0,284,64,3,No,AS_NEW,Brabant wallon,Wallonia
Seraing,Rue Chapuis ,24,HOUSE,HOUSE,279500,FOR_SALE,3,130.0,No,Yes,No,Yes,20.0,Yes,750.0,1020,890,3,No,AS_NEW,Liège,Wallonia
Waterloo,Avenue Reine Astrid ,215,HOUSE,HOUSE,445000,FOR_SALE,4,140.0,No,No,No,Yes,20.0,Yes,400.0,542,402,4,No,TO_RENOVATE,Brabant wallon,Wallonia
Waterloo,Avenue Reine Astrid ,215,HOUSE,VILLA,995000,FOR_SALE,4,260.0,No,No,No,Yes,60.0,Yes,3800.0,4050,3790,4,No,GOOD,Brabant wallon,Wallonia
Etterbeek,Avenue de Tervuren ,113,HOUSE,MANSION,1250000,FOR_SALE,8,500.0,No,Yes,No,Yes,30.0,Yes,45.0,170,-330,2,No,GOOD,Brussels Hoofdstedelijk Gewest,Brussels
Waterloo,Avenue Reine Astrid ,215,HOUSE,VILLA,1590000,FOR_SALE,5,325.0,No,Yes,No,Yes,30.0,Yes,1290.0,1918,1593,4,No,GOOD,Brabant wallon,Wallonia
Leuven,Dirk Boutslaan ,4,HOUSE,BUNGALOW,380000,FOR_SALE,3,120.0,No,Yes,No,Yes,30.0,Yes,250.0,800,680,4,No,AS_NEW,Vlaams-Brabant,Flanders
Liège,Rue du Vieux-Mayeur ,51,HOUSE,HOUSE,70000,FOR_SALE,2,146.0,No,Yes,No,Yes,30.0,Yes,100.0,230,84,2,No,GOOD,Liège,Wallonia
Liège,Rue du Vieux-Mayeur ,51,HOUSE,HOUSE,143500,FOR_SALE,3,108.0,No,Yes,No,Yes,41.0,Yes,44.0,132,24,3,No,TO_BE_DONE_UP,Liège,Wallonia
Liège,Rue du Vieux-Mayeur ,51,HOUSE,HOUSE,189000,FOR_SALE,3,146.0,No,Yes,No,Yes,24.0,Yes,397.0,535,389,2,No,GOOD,Liège,Wallonia
Seraing,Rue Chapuis ,24,HOUSE,TOWN_HOUSE,219500,FOR_SALE,3,140.0,No,Yes,No,Yes,12.0,Yes,32.0,121,-19,3,No,GOOD,Liège,Wallonia
Liège,Rue du Vieux-Mayeur ,51,HOUSE,HOUSE,229000,FOR_SALE,4,138.0,No,Yes,No,Yes,18.0,Yes,50.0,162,24,2,No,GOOD,Liège,Wallonia
Liège,Rue du Vieux-Mayeur ,51,HOUSE,HOUSE,229000,FOR_SALE,5,220.0,No,Yes,No,Yes,60.0,Yes,165.0,297,77,2,No,GOOD,Liège,Wallonia
Seraing,Rue Chapuis ,24,HOUSE,TOWN_HOUSE,249500,FOR_SALE,4,150.0,No,Yes,No,Yes,20.0,Yes,250.0,363,213,2,No,GOOD,Liège,Wallonia
Ans,Rue de l'Yser ,425,HOUSE,HOUSE,289000,FOR_SALE,4,220.0,No,Yes,No,Yes,65.0,Yes,550.0,900,680,3,No,GOOD,Liège,Wallonia
Liège,rue des dominicains ,4E,HOUSE,HOUSE,295000,FOR_SALE,4,160.0,No,Yes,No,Yes,8.0,Yes,80.0,154,-6,2,No,GOOD,Liège,Wallonia
Seraing,Rue Chapuis ,24,HOUSE,HOUSE,299000,FOR_SALE,3,145.0,No,Yes,No,Yes,40.0,Yes,115.0,250,105,2,No,AS_NEW,Liège,Wallonia
Seraing,Rue J. Wettinck ,49,HOUSE,HOUSE,299500,FOR_SALE,3,133.0,No,Yes,No,Yes,28.0,Yes,53.0,202,69,2,No,AS_NEW,Liège,Wallonia
Seraing,Rue J. Wettinck ,49,HOUSE,HOUSE,309000,FOR_SALE,3,214.0,No,Yes,No,Yes,56.0,Yes,1645.0,1850,1636,2,No,GOOD,Liège,Wallonia
Seraing,Rue J. Wettinck ,49,HOUSE,HOUSE,310000,FOR_SALE,6,210.0,No,Yes,No,Yes,50.0,Yes,60.0,265,55,3,No,AS_NEW,Liège,Wallonia
Aalst,Parklaan ,187,HOUSE,HOUSE,349000,FOR_SALE,5,265.0,No,Yes,No,Yes,50.0,Yes,650.0,867,602,4,No,GOOD,Oost-Vlaanderen,Flanders
Liège,rue des dominicains ,4E,HOUSE,HOUSE,370000,FOR_SALE,3,156.0,No,Yes,No,Yes,55.0,Yes,365.0,450,294,4,No,GOOD,Liège,Wallonia
Liège,Rue du Vieux-Mayeur ,51,HOUSE,HOUSE,389000,FOR_SALE,4,226.0,No,Yes,No,Yes,42.0,Yes,230.0,502,276,3,No,GOOD,Liège,Wallonia
Leuven,Dirk Boutslaan ,4,HOUSE,VILLA,398000,FOR_SALE,4,250.0,No,Yes,No,Yes,15.0,Yes,1100.0,1349,1099,4,No,TO_RENOVATE,Vlaams-Brabant,Flanders
Liège,Rue du Vieux-Mayeur ,51,HOUSE,HOUSE,449000,FOR_SALE,3,193.0,No,Yes,No,Yes,15.0,Yes,1100.0,1200,1007,3,No,GOOD,Liège,Wallonia
Gent,Vogelmarkt ,29,HOUSE,HOUSE,485000,FOR_SALE,3,140.0,No,Yes,No,Yes,30.0,Yes,230.0,334,194,3,No,GOOD,Oost-Vlaanderen,Flanders
Namur,"Rue Pépin, n° ",56,HOUSE,VILLA,595000,FOR_SALE,4,300.0,No,No,Yes,Yes,30.0,Yes,1637.0,1637,1337,4,No,GOOD,Namur,Wallonia
Namur,Rue Notre Dame ,130,HOUSE,FARMHOUSE,690000,FOR_SALE,5,800.0,No,No,Yes,Yes,40.0,Yes,19474.0,19474,18674,4,No,TO_RENOVATE,Namur,Wallonia
Namur,Rue Notre Dame ,130,HOUSE,FARMHOUSE,690000,FOR_SALE,5,800.0,No,No,Yes,Yes,40.0,Yes,19474.0,19474,18674,4,No,TO_RENOVATE,Namur,Wallonia
Waterloo,Avenue Reine Astrid ,215,HOUSE,VILLA,725000,FOR_SALE,3,236.0,No,Yes,No,Yes,50.0,Yes,2818.0,2818,2582,4,No,TO_BE_DONE_UP,Brabant wallon,Wallonia
Etterbeek,Avenue de Tervuren ,113,HOUSE,HOUSE,1250000,FOR_SALE,5,495.0,No,Yes,No,Yes,26.0,Yes,230.0,340,-155,2,No,TO_BE_DONE_UP,Brussels Hoofdstedelijk Gewest,Brussels
Seraing,Rue J. Wettinck ,49,HOUSE,HOUSE,148500,FOR_SALE,4,116.0,No,Yes,No,Yes,32.0,Yes,70.0,170,54,2,No,GOOD,Liège,Wallonia
Seraing,Rue J. Wettinck ,49,HOUSE,HOUSE,150000,FOR_SALE,6,190.0,No,Yes,No,Yes,20.0,Yes,15.0,255,65,3,No,TO_BE_DONE_UP,Liège,Wallonia
Forest,Chaussée d Alsemberg ,256,HOUSE,HOUSE,350000,FOR_SALE,4,180.0,No,Yes,No,Yes,9.0,Yes,100.0,0,-180,2,No,TO_RENOVATE,Brussels Hoofdstedelijk Gewest,Brussels
Waterloo,Avenue Reine Astrid ,215,HOUSE,VILLA,845000,FOR_SALE,4,185.0,No,No,No,Yes,110.0,Yes,600.0,729,544,4,No,GOOD,Brabant wallon,Wallonia
Liège,Rue Bonne Fortune ,9,HOUSE,MANSION,845000,FOR_SALE,7,352.0,No info,Yes,No,Yes,30.0,Yes,70.0,0,-352,2,No,AS_NEW,Liège,Wallonia
Liège,Rue du Vieux-Mayeur ,51,HOUSE,HOUSE,155000,FOR_SALE,2,112.0,No,Yes,No,Yes,10.0,Yes,300.0,403,291,2,No,TO_RENOVATE,Liège,Wallonia
Mouscron,Rue de Menin ,400,HOUSE,HOUSE,289000,FOR_SALE,3,190.0,No,Yes,No,Yes,100.0,Yes,131.0,342,152,3,No,GOOD,Hainaut,Wallonia
Evere,Av. Henri Conscience ,74,HOUSE,HOUSE,375000,FOR_SALE,3,202.0,No,No,No,Yes,2.0,Yes,40.0,100,-102,2,No,GOOD,Brussels Hoofdstedelijk Gewest,Brussels
Waterloo,Chaussée de Tervuren ,149/3,HOUSE,HOUSE,1785000,FOR_SALE,6,469.0,No,No,Yes,Yes,65.0,Yes,800.0,1524,1055,4,No,JUST_RENOVATED,Brabant wallon,Wallonia
Seraing,Rue J. Wettinck ,49,HOUSE,APARTMENT_BLOCK,219000,FOR_SALE,5,185.0,No,Yes,No,Yes,60.0,Yes,250.0,250,65,3,No,GOOD,Liège,Wallonia
Leuven,Dirk Boutslaan ,4,HOUSE,TOWN_HOUSE,295000,FOR_SALE,2,220.0,No,Yes,No,Yes,20.0,Yes,145.0,251,31,2,No,GOOD,Vlaams-Brabant,Flanders
Aalst,Parklaan ,187,HOUSE,HOUSE,295000,FOR_SALE,3,140.0,No,Yes,No,Yes,30.0,Yes,620.0,863,723,3,No,GOOD,Oost-Vlaanderen,Flanders
Aalst,Parklaan ,187,HOUSE,HOUSE,295000,FOR_SALE,3,140.0,No,Yes,No,Yes,30.0,Yes,620.0,863,723,3,No,GOOD,Oost-Vlaanderen,Flanders
Aalst,Parklaan ,187,HOUSE,HOUSE,399000,FOR_SALE,3,189.0,No,Yes,No,Yes,50.0,Yes,1051.0,1340,1151,4,No,GOOD,Oost-Vlaanderen,Flanders
Liège,rue des dominicains ,4E,HOUSE,HOUSE,419000,FOR_SALE,3,140.0,No,No,No,Yes,35.0,Yes,769.0,769,629,4,No,GOOD,Liège,Wallonia
Waterloo,Chaussée de Tervuren ,149/3,HOUSE,HOUSE,495000,FOR_SALE,4,240.0,No,No,Yes,Yes,40.0,Yes,800.0,1228,988,4,No,TO_RENOVATE,Brabant wallon,Wallonia
Liège,rue des dominicains ,4E,HOUSE,VILLA,495000,FOR_SALE,4,176.0,No,Yes,No,Yes,50.0,Yes,1624.0,1624,1448,4,No,GOOD,Liège,Wallonia
Waterloo,Chaussée de Tervuren ,149/3,HOUSE,HOUSE,545000,FOR_SALE,3,214.0,No,No,Yes,Yes,85.0,Yes,450.0,790,576,4,No,AS_NEW,Brabant wallon,Wallonia
Etterbeek,Avenue de la chasse ,159,HOUSE,APARTMENT_BLOCK,550000,FOR_SALE,5,335.0,No info,No,No,Yes,10.0,Yes,55.0,150,-185,2,No,GOOD,Brussels Hoofdstedelijk Gewest,Brussels
Liège,rue des dominicains ,4E,HOUSE,EXCEPTIONAL_PROPERTY,569000,FOR_SALE,5,380.0,No,Yes,No,Yes,65.0,Yes,5600.0,6362,5982,4,No,GOOD,Liège,Wallonia
Waterloo,"Avenue de l’Etoile Polaire, ",6,HOUSE,HOUSE,949000,FOR_SALE,5,264.0,No,Yes,No,Yes,80.0,Yes,1700.0,1700,1436,4,No,AS_NEW,Brabant wallon,Wallonia
Waterloo,Avenue Reine Astrid ,215,HOUSE,HOUSE,975000,FOR_SALE,3,200.0,No,No,No,Yes,50.0,Yes,850.0,972,772,4,No,GOOD,Brabant wallon,Wallonia
Mouscron,Rue de Menin ,400,HOUSE,COUNTRY_COTTAGE,620000,FOR_SALE,5,280.0,No,Yes,No,Yes,60.0,Yes,1050.0,1592,1312,4,No,AS_NEW,Hainaut,Wallonia
Leuven,Dirk Boutslaan ,4,HOUSE,HOUSE,335000,FOR_SALE,4,180.0,No,Yes,No,Yes,100.0,Yes,450.0,885,705,4,No,TO_BE_DONE_UP,Vlaams-Brabant,Flanders
Waterloo,Chaussée de Tervuren ,99/11,HOUSE,CASTLE,1975000,FOR_SALE,5,1700.0,No,No,Yes,Yes,300.0,Yes,2500.0,37112,35412,4,No,TO_BE_DONE_UP,Brabant wallon,Wallonia
Seraing,Rue J. Wettinck ,49,HOUSE,HOUSE,179000,FOR_SALE,3,115.0,No,Yes,No,Yes,60.0,Yes,110.0,195,80,2,No,TO_BE_DONE_UP,Liège,Wallonia
Seraing,Rue J. Wettinck ,49,HOUSE,HOUSE,249000,FOR_SALE,4,183.0,No,Yes,No,Yes,50.0,Yes,1340.0,1521,1338,4,No,TO_BE_DONE_UP,Liège,Wallonia
Leuven,Dirk Boutslaan ,4,HOUSE,HOUSE,149000,FOR_SALE,2,105.0,No,Yes,No,Yes,40.0,Yes,100.0,254,149,2,No,TO_RENOVATE,Vlaams-Brabant,Flanders
Seraing,Rue Chapuis ,24,HOUSE,HOUSE,189500,FOR_SALE,3,95.0,No,Yes,No,Yes,26.0,Yes,75.0,200,105,3,No,GOOD,Liège,Wallonia
Liège,Rue du Vieux-Mayeur ,51,HOUSE,HOUSE,229000,FOR_SALE,4,130.0,No,Yes,No,Yes,20.0,Yes,60.0,319,189,3,No,GOOD,Liège,Wallonia
Liège,Rue du Vieux-Mayeur ,51,HOUSE,HOUSE,275000,FOR_SALE,2,150.0,No,Yes,No,Yes,22.0,Yes,40.0,277,127,3,No,GOOD,Liège,Wallonia
Seraing,Rue J. Wettinck ,49,HOUSE,HOUSE,299000,FOR_SALE,4,160.0,No,Yes,No,Yes,12.0,Yes,80.0,175,15,2,No,GOOD,Liège,Wallonia
Seraing,Rue J. Wettinck ,49,HOUSE,HOUSE,299500,FOR_SALE,4,115.0,No,Yes,No,Yes,23.0,Yes,152.0,307,192,3,No,AS_NEW,Liège,Wallonia
Seraing,Rue J. Wettinck ,49,HOUSE,HOUSE,319000,FOR_SALE,3,128.0,No,Yes,No,Yes,21.0,Yes,280.0,580,452,4,No,JUST_RENOVATED,Liège,Wallonia
Seraing,Rue J. Wettinck ,49,HOUSE,HOUSE,464500,FOR_SALE,5,310.0,No,Yes,No,Yes,60.0,Yes,276.0,546,236,3,No,AS_NEW,Liège,Wallonia
Gent,Noordstraat ,17,HOUSE,HOUSE,529000,FOR_SALE,2,140.0,No,Yes,No,Yes,50.0,Yes,250.0,441,301,3,No,AS_NEW,Oost-Vlaanderen,Flanders
Vilvoorde,James Ensorlaan ,39,HOUSE,EXCEPTIONAL_PROPERTY,595000,FOR_SALE,4,228.0,No,No,Yes,Yes,18.0,Yes,60.0,210,-18,2,No,GOOD,Vlaams-Brabant,Flanders
Leuven,Dirk Boutslaan ,4,HOUSE,VILLA,774000,FOR_SALE,5,368.0,No,Yes,No,Yes,40.0,Yes,2500.0,2739,2371,4,No,AS_NEW,Vlaams-Brabant,Flanders
Vilvoorde,James Ensorlaan ,39,HOUSE,VILLA,795000,FOR_SALE,3,276.0,No,No,Yes,Yes,80.0,Yes,420.0,919,643,4,No,GOOD,Vlaams-Brabant,Flanders
Seraing,Rue J. Wettinck ,49,HOUSE,HOUSE,240000,FOR_SALE,3,143.0,No,Yes,No,Yes,46.0,Yes,132.0,295,152,2,No,GOOD,Liège,Wallonia
Leuven,Dirk Boutslaan ,4,HOUSE,HOUSE,389000,FOR_SALE,4,205.0,No,Yes,No,Yes,20.0,Yes,200.0,320,115,2,No,AS_NEW,Vlaams-Brabant,Flanders
Seraing,Rue J. Wettinck ,49,HOUSE,MIXED_USE_BUILDING,139000,FOR_SALE,1,40.0,No,Yes,No,Yes,12.0,Yes,265.0,355,315,2,No,GOOD,Liège,Wallonia
Seraing,Rue J. Wettinck ,49,HOUSE,HOUSE,198000,FOR_SALE,4,196.0,No,Yes,No,Yes,200.0,Yes,100.0,415,219,3,No,GOOD,Liège,Wallonia
Seraing,Rue J. Wettinck ,49,HOUSE,APARTMENT_BLOCK,230000,FOR_SALE,3,130.0,No,Yes,No,Yes,10.0,Yes,235.0,295,165,2,No,GOOD,Liège,Wallonia
Mouscron,Rue de Menin ,400,HOUSE,VILLA,590000,FOR_SALE,3,234.0,No,Yes,No,Yes,55.0,Yes,450.0,954,720,4,No,AS_NEW,Hainaut,Wallonia
Liège,rue des dominicains ,4E,HOUSE,HOUSE,545000,FOR_SALE,3,390.0,No,Yes,No,Yes,20.0,Yes,1500.0,1905,1515,3,No,AS_NEW,Liège,Wallonia
Seraing,Rue Chapuis ,24,HOUSE,HOUSE,169500,FOR_SALE,2,125.0,No,Yes,No,Yes,43.0,Yes,115.0,185,60,2,No,GOOD,Liège,Wallonia
Liège,Rue des Fories ,2,HOUSE,HOUSE,265000,FOR_SALE,3,127.0,No,No,No,Yes,51.0,Yes,233.0,403,276,3,No,GOOD,Liège,Wallonia
Gent,Noordstraat ,17,HOUSE,HOUSE,379000,FOR_SALE,3,110.0,No,Yes,No,Yes,8.0,Yes,8.0,52,-58,2,No,AS_NEW,Oost-Vlaanderen,Flanders
Liège,Rue du Vieux-Mayeur ,51,HOUSE,HOUSE,599000,FOR_SALE,10,572.0,No,Yes,No,Yes,70.0,Yes,650.0,1240,668,4,No,GOOD,Liège,Wallonia
Mouscron,Rue de Menin ,400,HOUSE,VILLA,895000,FOR_SALE,4,270.0,No,Yes,No,Yes,50.0,Yes,1500.0,1708,1438,4,No,AS_NEW,Hainaut,Wallonia
Liège,Rue des Fories ,2,HOUSE,HOUSE,235000,FOR_SALE,4,155.0,No,No,No,Yes,13.0,Yes,310.0,426,271,2,No,GOOD,Liège,Wallonia
Seraing,Rue Chapuis ,24,HOUSE,BUNGALOW,235000,FOR_SALE,3,80.0,No,Yes,No,Yes,38.0,Yes,80.0,300,220,3,No,GOOD,Liège,Wallonia
Aalst,Brusselbaan ,90,HOUSE,HOUSE,299000,FOR_SALE,3,216.0,No,No,No,Yes,50.0,Yes,750.0,922,706,3,No,GOOD,Oost-Vlaanderen,Flanders
Seraing,Rue J. Wettinck ,49,HOUSE,HOUSE,99000,FOR_SALE,3,80.0,No,Yes,No,Yes,80.0,Yes,255.0,355,275,2,No,TO_BE_DONE_UP,Liège,Wallonia
Seraing,Rue J. Wettinck ,49,HOUSE,HOUSE,119500,FOR_SALE,3,105.0,No,Yes,No,Yes,32.0,Yes,15.0,65,-40,4,No,TO_BE_DONE_UP,Liège,Wallonia
Seraing,Rue J. Wettinck ,49,HOUSE,HOUSE,130000,FOR_SALE,3,131.0,No,Yes,No,Yes,14.0,Yes,20.0,100,-31,2,No,GOOD,Liège,Wallonia
Seraing,Rue J. Wettinck ,49,HOUSE,HOUSE,139500,FOR_SALE,3,125.0,No,Yes,No,Yes,60.0,Yes,365.0,513,388,2,No,GOOD,Liège,Wallonia
Seraing,Rue J. Wettinck ,49,HOUSE,HOUSE,140000,FOR_SALE,3,140.0,No,Yes,No,Yes,44.0,Yes,15.0,170,30,3,No,GOOD,Liège,Wallonia
Seraing,Rue J. Wettinck ,49,HOUSE,HOUSE,149000,FOR_SALE,2,113.0,No,Yes,No,Yes,21.0,Yes,95.0,147,34,3,No,GOOD,Liège,Wallonia
Seraing,Rue J. Wettinck ,49,HOUSE,HOUSE,150000,FOR_SALE,3,94.0,No,Yes,No,Yes,30.0,Yes,58.0,113,19,2,No,GOOD,Liège,Wallonia
Seraing,Rue J. Wettinck ,49,HOUSE,HOUSE,159000,FOR_SALE,4,112.0,No,Yes,No,Yes,160.0,Yes,2230.0,2575,2463,4,No,TO_RESTORE,Liège,Wallonia
Seraing,Rue J. Wettinck ,49,HOUSE,HOUSE,165000,FOR_SALE,6,180.0,No,Yes,No,Yes,12.0,Yes,88.0,295,115,2,No,GOOD,Liège,Wallonia
Seraing,Rue J. Wettinck ,49,HOUSE,APARTMENT_BLOCK,165000,FOR_SALE,6,180.0,No,Yes,No,Yes,12.0,Yes,88.0,295,115,2,No,GOOD,Liège,Wallonia
Seraing,Rue J. Wettinck ,49,HOUSE,HOUSE,174000,FOR_SALE,4,120.0,No,Yes,No,Yes,30.0,Yes,25.0,97,-23,2,No,GOOD,Liège,Wallonia
Seraing,Rue J. Wettinck ,49,HOUSE,HOUSE,190000,FOR_SALE,3,115.0,No,Yes,No,Yes,34.0,Yes,110.0,205,90,3,No,GOOD,Liège,Wallonia
Seraing,Rue J. Wettinck ,49,HOUSE,HOUSE,199000,FOR_SALE,4,135.0,No,Yes,No,Yes,20.0,Yes,238.0,358,223,3,No,GOOD,Liège,Wallonia
Seraing,Rue J. Wettinck ,49,HOUSE,HOUSE,199000,FOR_SALE,4,112.0,No,Yes,No,Yes,4.0,Yes,16.0,75,-37,3,No,TO_BE_DONE_UP,Liège,Wallonia
Seraing,Rue J. Wettinck ,49,HOUSE,MIXED_USE_BUILDING,199500,FOR_SALE,4,260.0,No,Yes,No,Yes,90.0,Yes,455.0,300,40,2,No,GOOD,Liège,Wallonia
Seraing,Rue J. Wettinck ,49,HOUSE,HOUSE,205000,FOR_SALE,3,140.0,No,Yes,No,Yes,15.0,Yes,161.0,215,75,2,No,GOOD,Liège,Wallonia
Seraing,Rue J. Wettinck ,49,HOUSE,HOUSE,209000,FOR_SALE,5,160.0,No,Yes,No,Yes,20.0,Yes,130.0,260,100,2,No,AS_NEW,Liège,Wallonia
Seraing,Rue J. Wettinck ,49,HOUSE,HOUSE,209900,FOR_SALE,2,115.0,No,Yes,No,Yes,10.0,Yes,195.0,387,272,3,No,GOOD,Liège,Wallonia
Seraing,Rue J. Wettinck ,49,HOUSE,HOUSE,210000,FOR_SALE,3,102.0,No,Yes,No,Yes,14.0,Yes,58.0,176,74,3,No,GOOD,Liège,Wallonia
Seraing,Rue J. Wettinck ,49,HOUSE,HOUSE,217500,FOR_SALE,3,120.0,No,Yes,No,Yes,80.0,Yes,125.0,235,115,2,No,GOOD,Liège,Wallonia
Seraing,Rue J. Wettinck ,49,HOUSE,HOUSE,218000,FOR_SALE,4,143.0,No,Yes,No,Yes,70.0,Yes,200.0,335,192,3,No,GOOD,Liège,Wallonia
Seraing,Rue J. Wettinck ,49,HOUSE,HOUSE,219000,FOR_SALE,3,120.0,No,Yes,No,Yes,15.0,Yes,250.0,410,290,3,No,GOOD,Liège,Wallonia
Seraing,Rue J. Wettinck ,49,HOUSE,APARTMENT_BLOCK,219500,FOR_SALE,3,130.0,No,Yes,No,Yes,10.0,Yes,55.0,140,10,2,No,GOOD,Liège,Wallonia
Seraing,Rue J. Wettinck ,49,HOUSE,HOUSE,226000,FOR_SALE,4,160.0,No,Yes,No,Yes,31.0,Yes,302.0,438,278,2,No,AS_NEW,Liège,Wallonia
Seraing,Rue J. Wettinck ,49,HOUSE,HOUSE,229000,FOR_SALE,2,75.0,No,Yes,No,Yes,48.0,Yes,80.0,235,160,2,No,GOOD,Liège,Wallonia
Seraing,Rue J. Wettinck ,49,HOUSE,HOUSE,229500,FOR_SALE,5,210.0,No,Yes,No,Yes,68.0,Yes,45.0,94,-116,2,No,GOOD,Liège,Wallonia
Seraing,Rue J. Wettinck ,49,HOUSE,HOUSE,230000,FOR_SALE,6,137.0,No,Yes,No,Yes,20.0,Yes,300.0,400,263,3,No,GOOD,Liège,Wallonia
Seraing,Rue J. Wettinck ,49,HOUSE,HOUSE,245000,FOR_SALE,3,147.0,No,Yes,No,Yes,44.0,Yes,60.0,244,97,2,No,GOOD,Liège,Wallonia
Seraing,Rue J. Wettinck ,49,HOUSE,HOUSE,245000,FOR_SALE,2,120.0,No,Yes,No,Yes,36.0,Yes,18.0,127,7,3,No,AS_NEW,Liège,Wallonia
Seraing,Rue J. Wettinck ,49,HOUSE,HOUSE,249000,FOR_SALE,3,155.0,No,Yes,No,Yes,15.0,Yes,40.0,221,66,2,No,GOOD,Liège,Wallonia
Seraing,Rue J. Wettinck ,49,HOUSE,HOUSE,260000,FOR_SALE,5,205.0,No,Yes,No,Yes,175.0,Yes,160.0,307,102,3,No,GOOD,Liège,Wallonia
Seraing,Rue J. Wettinck ,49,HOUSE,HOUSE,260000,FOR_SALE,5,205.0,No,Yes,No,Yes,175.0,Yes,160.0,307,102,3,No,GOOD,Liège,Wallonia
Seraing,Rue Chapuis ,24,HOUSE,HOUSE,264500,FOR_SALE,3,125.0,No,Yes,No,Yes,51.0,Yes,90.0,245,120,4,No,GOOD,Liège,Wallonia
Seraing,Rue J. Wettinck ,49,HOUSE,HOUSE,270000,FOR_SALE,3,170.0,No,Yes,No,Yes,144.0,Yes,118.0,445,275,4,No,GOOD,Liège,Wallonia
Aalst,Brusselbaan ,90,HOUSE,HOUSE,295000,FOR_SALE,3,185.0,No,No,No,Yes,25.0,Yes,200.0,350,165,3,No,GOOD,Oost-Vlaanderen,Flanders
Seraing,Rue J. Wettinck ,49,HOUSE,HOUSE,299000,FOR_SALE,4,265.0,No,Yes,No,Yes,80.0,Yes,550.0,900,635,3,No,GOOD,Liège,Wallonia
Seraing,Rue J. Wettinck ,49,HOUSE,HOUSE,309900,FOR_SALE,3,125.0,No,Yes,No,Yes,20.0,Yes,242.0,403,278,3,No,GOOD,Liège,Wallonia
Seraing,Rue J. Wettinck ,49,HOUSE,HOUSE,319000,FOR_SALE,4,155.0,No,Yes,No,Yes,30.0,Yes,70.0,205,50,3,No,AS_NEW,Liège,Wallonia
Seraing,Rue J. Wettinck ,49,HOUSE,HOUSE,320000,FOR_SALE,3,160.0,No,Yes,No,Yes,60.0,Yes,320.0,985,825,4,No,GOOD,Liège,Wallonia
Seraing,Rue Chapuis ,24,HOUSE,HOUSE,339000,FOR_SALE,3,130.0,No,Yes,No,Yes,50.0,Yes,650.0,860,730,3,No,GOOD,Liège,Wallonia
Seraing,Rue J. Wettinck ,49,HOUSE,HOUSE,345000,FOR_SALE,3,195.0,No,Yes,No,Yes,60.0,Yes,310.0,700,505,4,No,AS_NEW,Liège,Wallonia
Leuven,Dirk Boutslaan ,4,HOUSE,BUNGALOW,349000,FOR_SALE,2,215.0,No,Yes,No,Yes,10.0,Yes,260.0,480,265,4,No,TO_BE_DONE_UP,Vlaams-Brabant,Flanders
Seraing,Rue J. Wettinck ,49,HOUSE,HOUSE,349000,FOR_SALE,3,125.0,No,Yes,No,Yes,85.0,Yes,455.0,471,346,3,No,AS_NEW,Liège,Wallonia
Aalst,Brusselbaan ,90,HOUSE,EXCEPTIONAL_PROPERTY,375000,FOR_SALE,3,175.0,No,No,No,Yes,12.0,Yes,92.0,159,-16,2,No,AS_NEW,Oost-Vlaanderen,Flanders
Gent,Kortrijksesteenweg ,74,HOUSE,HOUSE,396000,FOR_SALE,3,200.0,No info,No,No,Yes,60.0,Yes,1510.0,1510,1310,2,No,GOOD,Oost-Vlaanderen,Flanders
Aalst,Brusselbaan ,90,HOUSE,TOWN_HOUSE,436000,FOR_SALE,4,216.0,No,No,No,Yes,20.0,Yes,200.0,269,53,2,No,AS_NEW,Oost-Vlaanderen,Flanders
Waterloo,Chaussée de Tervuren ,149/3,HOUSE,HOUSE,450000,FOR_SALE,4,213.0,No,No,Yes,Yes,35.0,Yes,100.0,298,85,2,No,AS_NEW,Brabant wallon,Wallonia
Seraing,Rue de Plainevaux ,149/1,HOUSE,HOUSE,565000,FOR_SALE,4,404.0,No,Yes,No,Yes,32.0,Yes,32.0,125,-279,2,No,GOOD,Liège,Wallonia
Gent,Vogelmarkt ,29,HOUSE,HOUSE,595000,FOR_SALE,4,260.0,No,Yes,No,Yes,4.0,Yes,277.0,923,663,3,No,GOOD,Oost-Vlaanderen,Flanders
Seraing,Rue J. Wettinck ,49,HOUSE,HOUSE,169900,FOR_SALE,4,127.0,No,Yes,No,Yes,10.0,Yes,25.0,92,-35,2,No,TO_BE_DONE_UP,Liège,Wallonia
Leuven,Dirk Boutslaan ,4,HOUSE,VILLA,675000,FOR_SALE,6,385.0,No,Yes,No,Yes,65.0,Yes,1000.0,1980,1595,4,No,JUST_RENOVATED,Vlaams-Brabant,Flanders
Aalst,Brusselbaan ,90,HOUSE,HOUSE,285000,FOR_SALE,5,205.0,No,No,No,Yes,40.0,Yes,165.0,405,200,4,No,GOOD,Oost-Vlaanderen,Flanders
Aalst,Parklaan ,187,HOUSE,HOUSE,299000,FOR_SALE,4,360.0,No,Yes,No,Yes,20.0,Yes,100.0,317,-43,3,No,GOOD,Oost-Vlaanderen,Flanders
Seraing,Rue J. Wettinck ,49,HOUSE,HOUSE,399000,FOR_SALE,5,215.0,No,Yes,No,Yes,182.0,Yes,730.0,1240,1025,4,No,GOOD,Liège,Wallonia
Aalst,Brusselbaan ,90,HOUSE,VILLA,465000,FOR_SALE,4,300.0,No,No,No,Yes,56.0,Yes,80.0,543,243,4,No,AS_NEW,Oost-Vlaanderen,Flanders
Evere,Av. Henri Conscience ,74,HOUSE,HOUSE,499000,FOR_SALE,5,287.0,No,No,No,Yes,43.0,Yes,84.0,247,-40,3,No,JUST_RENOVATED,Brussels Hoofdstedelijk Gewest,Brussels
Evere,Av. Henri Conscience ,74,HOUSE,HOUSE,499000,FOR_SALE,4,208.0,No,No,No,Yes,27.0,Yes,178.0,269,61,3,No,JUST_RENOVATED,Brussels Hoofdstedelijk Gewest,Brussels
Gent,Noordstraat ,17,HOUSE,HOUSE,529000,FOR_SALE,3,200.0,No,Yes,Yes,Yes,10.0,Yes,300.0,410,210,3,No,TO_RENOVATE,Oost-Vlaanderen,Flanders
Seraing,Rue J. Wettinck ,49,HOUSE,HOUSE,159000,FOR_SALE,4,112.0,No,Yes,No,Yes,40.0,Yes,50.0,190,78,2,No,GOOD,Liège,Wallonia
Seraing,Rue J. Wettinck ,49,HOUSE,HOUSE,139500,FOR_SALE,3,115.0,No,Yes,No,Yes,40.0,Yes,60.0,210,95,2,No,GOOD,Liège,Wallonia
Seraing,Rue J. Wettinck ,49,HOUSE,HOUSE,159000,FOR_SALE,4,135.0,No,Yes,No,Yes,16.0,Yes,80.0,215,80,2,No,TO_RENOVATE,Liège,Wallonia
Seraing,Rue J. Wettinck ,49,HOUSE,HOUSE,160000,FOR_SALE,4,156.0,No,Yes,No,Yes,36.0,Yes,116.0,243,87,3,No,TO_BE_DONE_UP,Liège,Wallonia
Seraing,Rue J. Wettinck ,49,HOUSE,HOUSE,167000,FOR_SALE,2,75.0,No,Yes,No,Yes,10.0,Yes,47.0,139,64,2,No,GOOD,Liège,Wallonia
Leuven,Dirk Boutslaan ,4,HOUSE,HOUSE,175000,FOR_SALE,4,170.0,No,Yes,No,Yes,6.0,Yes,35.0,124,-46,2,No,TO_RENOVATE,Vlaams-Brabant,Flanders
Leuven,Dirk Boutslaan ,4,HOUSE,MIXED_USE_BUILDING,184000,FOR_SALE,3,178.0,No,Yes,No,Yes,14.0,Yes,14.0,130,-48,3,No,TO_RENOVATE,Vlaams-Brabant,Flanders
Seraing,Rue J. Wettinck ,49,HOUSE,HOUSE,185000,FOR_SALE,4,133.0,No,Yes,No,Yes,89.0,Yes,36.0,194,61,3,No,GOOD,Liège,Wallonia
Seraing,Rue J. Wettinck ,49,HOUSE,HOUSE,189900,FOR_SALE,3,130.0,No,Yes,No,Yes,28.0,Yes,100.0,180,50,2,No,JUST_RENOVATED,Liège,Wallonia
Seraing,Rue J. Wettinck ,49,HOUSE,HOUSE,199000,FOR_SALE,4,100.0,No,Yes,No,Yes,50.0,Yes,100.0,295,195,3,No,GOOD,Liège,Wallonia
Liège,Rue des Fories ,2,HOUSE,HOUSE,219000,FOR_SALE,4,171.0,No,Yes,No,Yes,30.0,Yes,541.0,706,535,3,No,GOOD,Liège,Wallonia
Seraing,Rue J. Wettinck ,49,HOUSE,APARTMENT_BLOCK,219000,FOR_SALE,5,109.0,No,Yes,No,Yes,72.0,Yes,35.0,210,101,2,No,GOOD,Liège,Wallonia
Seraing,Rue J. Wettinck ,49,HOUSE,HOUSE,226000,FOR_SALE,2,100.0,No,Yes,No,Yes,40.0,Yes,116.0,228,128,3,No,GOOD,Liège,Wallonia
Seraing,Rue J. Wettinck ,49,HOUSE,HOUSE,229000,FOR_SALE,3,90.0,No,Yes,No,Yes,20.0,Yes,95.0,150,60,2,No,JUST_RENOVATED,Liège,Wallonia
Leuven,Dirk Boutslaan ,4,HOUSE,HOUSE,315000,FOR_SALE,2,138.0,No,Yes,No,Yes,20.0,Yes,500.0,654,516,3,No,TO_RENOVATE,Vlaams-Brabant,Flanders
Seraing,Rue J. Wettinck ,49,HOUSE,VILLA,330000,FOR_SALE,3,146.0,No,Yes,No,Yes,84.0,Yes,265.0,645,499,4,No,GOOD,Liège,Wallonia
Anderlecht,"Avenue d'Itterbeek, ",60,HOUSE,TOWN_HOUSE,375000,FOR_SALE,3,125.0,No,Yes,No,Yes,15.0,Yes,45.0,157,32,2,No,TO_BE_DONE_UP,Brussels Hoofdstedelijk Gewest,Brussels
Liège,Rue des Fories ,2,HOUSE,MANSION,525000,FOR_SALE,6,469.0,No,No,No,Yes,30.0,Yes,206.0,330,-139,2,No,TO_BE_DONE_UP,Liège,Wallonia
Aalst,Brusselbaan ,90,HOUSE,BUNGALOW,649000,FOR_SALE,3,240.0,No,No,No,Yes,30.0,Yes,3500.0,3886,3646,4,No,GOOD,Oost-Vlaanderen,Flanders
Liège,rue des dominicains ,4E,HOUSE,EXCEPTIONAL_PROPERTY,750000,FOR_SALE,6,324.0,No,Yes,No,Yes,434.0,Yes,3300.0,3300,2976,4,No,GOOD,Liège,Wallonia
Gent,Kortrijksesteenweg ,74,HOUSE,VILLA,1300000,FOR_SALE,5,254.0,No,No,No,Yes,50.0,Yes,2576.0,3125,2871,4,No,GOOD,Oost-Vlaanderen,Flanders
Seraing,Rue de Plainevaux ,149/1,HOUSE,VILLA,825000,FOR_SALE,2,262.0,No,Yes,No,Yes,35.0,Yes,1250.0,1442,1180,4,No,AS_NEW,Liège,Wallonia
Seraing,Rue J. Wettinck ,49,HOUSE,HOUSE,220000,FOR_SALE,4,125.0,No,Yes,No,Yes,48.0,Yes,70.0,162,37,2,No,TO_BE_DONE_UP,Liège,Wallonia
Seraing,Rue J. Wettinck ,49,HOUSE,HOUSE,129900,FOR_SALE,4,195.0,No,Yes,No,Yes,22.0,Yes,150.0,303,108,3,No,TO_RENOVATE,Liège,Wallonia
Seraing,Rue J. Wettinck ,49,HOUSE,HOUSE,135000,FOR_SALE,4,218.0,No,Yes,No,Yes,10.0,Yes,8.0,76,-142,2,No,GOOD,Liège,Wallonia
Seraing,Rue J. Wettinck ,49,HOUSE,HOUSE,149900,FOR_SALE,2,80.0,No,Yes,No,Yes,25.0,Yes,250.0,400,320,3,No,GOOD,Liège,Wallonia
Seraing,Rue J. Wettinck ,49,HOUSE,HOUSE,150000,FOR_SALE,2,81.0,No,Yes,No,Yes,12.0,Yes,97.0,245,164,2,No,GOOD,Liège,Wallonia
Seraing,Rue J. Wettinck ,49,HOUSE,HOUSE,159000,FOR_SALE,4,113.0,No,Yes,No,Yes,4.0,Yes,44.0,109,-4,2,No,GOOD,Liège,Wallonia
Seraing,Rue J. Wettinck ,49,HOUSE,HOUSE,160000,FOR_SALE,3,121.0,No,Yes,No,Yes,10.0,Yes,55.0,141,20,2,No,GOOD,Liège,Wallonia
Seraing,Rue J. Wettinck ,49,HOUSE,HOUSE,169000,FOR_SALE,2,117.0,No,Yes,No,Yes,20.0,Yes,51.0,194,77,2,No,TO_RENOVATE,Liège,Wallonia
Seraing,Rue J. Wettinck ,49,HOUSE,HOUSE,175000,FOR_SALE,3,105.0,No,Yes,No,Yes,40.0,Yes,80.0,155,50,2,No,GOOD,Liège,Wallonia
Seraing,Rue J. Wettinck ,49,HOUSE,HOUSE,179500,FOR_SALE,2,100.0,No,Yes,No,Yes,6.0,Yes,176.0,240,140,2,No,GOOD,Liège,Wallonia
Seraing,Rue J. Wettinck ,49,HOUSE,HOUSE,189000,FOR_SALE,3,75.0,No,Yes,No,Yes,14.0,Yes,20.0,93,18,2,No,GOOD,Liège,Wallonia
Seraing,Rue J. Wettinck ,49,HOUSE,HOUSE,189500,FOR_SALE,3,131.0,No,Yes,No,Yes,17.0,Yes,50.0,151,20,2,No,AS_NEW,Liège,Wallonia
Seraing,Rue J. Wettinck ,49,HOUSE,HOUSE,189900,FOR_SALE,3,124.0,No,Yes,No,Yes,20.0,Yes,130.0,233,109,2,No,GOOD,Liège,Wallonia
Seraing,Rue J. Wettinck ,49,HOUSE,HOUSE,199500,FOR_SALE,4,115.0,No,Yes,No,Yes,40.0,Yes,120.0,295,180,3,No,GOOD,Liège,Wallonia
Leuven,Dirk Boutslaan ,4,HOUSE,HOUSE,215000,FOR_SALE,3,120.0,No,Yes,No,Yes,14.0,Yes,14.0,76,-44,2,No,GOOD,Vlaams-Brabant,Flanders
Seraing,Rue J. Wettinck ,49,HOUSE,HOUSE,239000,FOR_SALE,4,160.0,No,Yes,No,Yes,30.0,Yes,100.0,180,20,2,No,GOOD,Liège,Wallonia
Seraing,Rue J. Wettinck ,49,HOUSE,HOUSE,239900,FOR_SALE,2,120.0,No,Yes,No,Yes,30.0,Yes,67.0,240,120,3,No,GOOD,Liège,Wallonia
Seraing,Rue J. Wettinck ,49,HOUSE,HOUSE,249500,FOR_SALE,4,205.0,No,Yes,No,Yes,12.0,Yes,36.0,145,-60,2,No,AS_NEW,Liège,Wallonia
Seraing,Rue J. Wettinck ,49,HOUSE,HOUSE,249900,FOR_SALE,3,117.0,No,Yes,No,Yes,45.0,Yes,175.0,305,188,3,No,AS_NEW,Liège,Wallonia
Seraing,Rue J. Wettinck ,49,HOUSE,HOUSE,260000,FOR_SALE,3,135.0,No,Yes,No,Yes,58.0,Yes,290.0,643,508,4,No,GOOD,Liège,Wallonia
Seraing,Rue J. Wettinck ,49,HOUSE,HOUSE,275000,FOR_SALE,4,242.0,No,Yes,No,Yes,76.0,Yes,176.0,333,91,2,No,GOOD,Liège,Wallonia
Seraing,Rue J. Wettinck ,49,HOUSE,HOUSE,299000,FOR_SALE,3,184.0,No,Yes,No,Yes,90.0,Yes,155.0,603,419,4,No,GOOD,Liège,Wallonia
Seraing,Rue J. Wettinck ,49,HOUSE,HOUSE,330000,FOR_SALE,2,150.0,No,Yes,No,Yes,40.0,Yes,100.0,247,97,3,No,GOOD,Liège,Wallonia
Seraing,Rue J. Wettinck ,49,HOUSE,HOUSE,349000,FOR_SALE,3,133.0,No,Yes,No,Yes,18.0,Yes,235.0,341,208,3,No,AS_NEW,Liège,Wallonia
Seraing,Rue Chapuis ,24,HOUSE,HOUSE,349500,FOR_SALE,3,120.0,No,Yes,No,Yes,98.0,Yes,320.0,560,440,3,No,GOOD,Liège,Wallonia
Seraing,Rue Chapuis ,24,HOUSE,HOUSE,359900,FOR_SALE,3,140.0,No,Yes,No,Yes,50.0,Yes,200.0,485,345,4,No,AS_NEW,Liège,Wallonia
Seraing,Rue J. Wettinck ,49,HOUSE,APARTMENT_BLOCK,365000,FOR_SALE,9,430.0,No,Yes,No,Yes,20.0,Yes,480.0,722,292,2,No,TO_BE_DONE_UP,Liège,Wallonia
Leuven,Dirk Boutslaan ,4,HOUSE,COUNTRY_COTTAGE,380000,FOR_SALE,4,365.0,No,Yes,No,Yes,30.0,Yes,1120.0,1581,1216,4,No,AS_NEW,Vlaams-Brabant,Flanders
Aalst,Brusselbaan ,90,HOUSE,MIXED_USE_BUILDING,750000,FOR_SALE,4,400.0,No,No,No,Yes,80.0,Yes,850.0,1589,1189,3,No,AS_NEW,Oost-Vlaanderen,Flanders
Leuven,Brusselsestraat ,41,HOUSE,HOUSE,270000,FOR_SALE,2,180.0,No,Yes,No,Yes,20.0,Yes,250.0,335,155,2,No,GOOD,Vlaams-Brabant,Flanders
Seraing,Rue J. Wettinck ,49,HOUSE,HOUSE,155000,FOR_SALE,3,115.0,No,Yes,No,Yes,30.0,Yes,172.0,290,175,2,No,TO_RENOVATE,Liège,Wallonia
Aalst,Brusselbaan ,90,HOUSE,HOUSE,369000,FOR_SALE,4,228.0,No,No,No,Yes,125.0,Yes,600.0,856,628,2,No,GOOD,Oost-Vlaanderen,Flanders
Mechelen,Gentsesteenweg ,125A,HOUSE,HOUSE,645000,FOR_SALE,4,168.0,No,Yes,No,Yes,15.0,Yes,56.0,108,-60,2,No,AS_NEW,Antwerpen,Flanders
Seraing,Rue Chapuis ,24,HOUSE,HOUSE,229500,FOR_SALE,3,90.0,No,Yes,No,Yes,88.0,Yes,115.0,185,95,2,No,JUST_RENOVATED,Liège,Wallonia
Seraing,Rue J. Wettinck ,49,HOUSE,HOUSE,260000,FOR_SALE,5,166.0,No,Yes,No,Yes,46.0,Yes,120.0,290,124,2,No,AS_NEW,Liège,Wallonia
Mouscron,Rue de Menin ,400,HOUSE,HOUSE,349000,FOR_SALE,5,233.0,No,Yes,No,Yes,30.0,Yes,350.0,561,328,2,No,GOOD,Hainaut,Wallonia
Aalst,Brusselbaan ,90,HOUSE,HOUSE,355000,FOR_SALE,4,280.0,No,No,No,Yes,65.0,Yes,120.0,327,47,3,No,AS_NEW,Oost-Vlaanderen,Flanders
Willebroek,Dendermondsesteenweg ,149/4,HOUSE,HOUSE,495000,FOR_SALE,4,350.0,No,No,No,Yes,60.0,Yes,200.0,470,120,3,No,AS_NEW,Antwerpen,Flanders
Seraing,Rue J. Wettinck ,49,HOUSE,HOUSE,169000,FOR_SALE,2,140.0,No,Yes,No,Yes,46.0,Yes,119.0,235,95,2,No,GOOD,Liège,Wallonia
Aalst,Brusselbaan ,90,HOUSE,HOUSE,179000,FOR_SALE,2,145.0,No,No,No,Yes,8.0,Yes,100.0,160,15,2,No,TO_RENOVATE,Oost-Vlaanderen,Flanders
Seraing,Rue J. Wettinck ,49,HOUSE,MIXED_USE_BUILDING,189500,FOR_SALE,2,196.0,No,Yes,No,Yes,67.0,Yes,525.0,700,504,2,No,GOOD,Liège,Wallonia
Seraing,Rue J. Wettinck ,49,HOUSE,HOUSE,190000,FOR_SALE,4,129.0,No,Yes,No,Yes,10.0,Yes,346.0,529,400,3,No,GOOD,Liège,Wallonia
Aalst,Brusselbaan ,90,HOUSE,HOUSE,213000,FOR_SALE,4,165.0,No,No,No,Yes,25.0,Yes,110.0,300,135,3,No,GOOD,Oost-Vlaanderen,Flanders
Liège,Rue des Fories ,2,HOUSE,HOUSE,235000,FOR_SALE,3,132.0,No,No,No,Yes,18.0,Yes,278.0,379,247,2,No,GOOD,Liège,Wallonia
Seraing,Rue Chapuis ,24,HOUSE,HOUSE,249900,FOR_SALE,3,165.0,No,Yes,No,Yes,30.0,Yes,105.0,170,5,2,No,AS_NEW,Liège,Wallonia
Seraing,Rue J. Wettinck ,49,HOUSE,HOUSE,250000,FOR_SALE,4,182.0,No,Yes,No,Yes,19.0,Yes,151.0,240,58,2,No,GOOD,Liège,Wallonia
Seraing,Rue J. Wettinck ,49,HOUSE,HOUSE,259000,FOR_SALE,4,117.0,No,Yes,No,Yes,24.0,Yes,31.0,104,-13,2,No,GOOD,Liège,Wallonia
Gent,Kortrijksesteenweg ,74,HOUSE,HOUSE,285000,FOR_SALE,3,145.0,No,No,No,Yes,15.0,Yes,50.0,120,-25,2,No,GOOD,Oost-Vlaanderen,Flanders
Seraing,Rue Chapuis ,24,HOUSE,HOUSE,315000,FOR_SALE,5,200.0,No,Yes,No,Yes,70.0,Yes,120.0,350,150,4,No,GOOD,Liège,Wallonia
Leuven,Dirk Boutslaan ,4,HOUSE,HOUSE,345000,FOR_SALE,2,175.0,No,Yes,No,Yes,10.0,Yes,345.0,500,325,2,No,GOOD,Vlaams-Brabant,Flanders
Seraing,Rue J. Wettinck ,49,HOUSE,HOUSE,395000,FOR_SALE,6,235.0,No,Yes,No,Yes,180.0,Yes,650.0,1435,1200,4,No,GOOD,Liège,Wallonia
Aalst,Brusselbaan ,90,HOUSE,VILLA,395000,FOR_SALE,4,205.0,No,No,No,Yes,40.0,Yes,450.0,1153,948,4,No,GOOD,Oost-Vlaanderen,Flanders
Leuven,Dirk Boutslaan ,4,HOUSE,HOUSE,398000,FOR_SALE,4,235.0,No,Yes,No,Yes,58.0,Yes,400.0,566,331,3,No,AS_NEW,Vlaams-Brabant,Flanders
Liège,Rue des Fories ,2,HOUSE,HOUSE,425000,FOR_SALE,4,274.0,No,Yes,No,Yes,25.0,Yes,109.0,236,-38,2,No,GOOD,Liège,Wallonia
Forest,Chaussée de Bruxelles ,165,HOUSE,HOUSE,450000,FOR_SALE,4,221.0,No,Yes,No,Yes,6.0,Yes,143.0,225,4,2,No,TO_RENOVATE,Brussels Hoofdstedelijk Gewest,Brussels
Forest,Chaussée de Bruxelles ,165,HOUSE,HOUSE,460000,FOR_SALE,3,238.0,No,No,No,Yes,21.0,Yes,76.0,219,-19,2,No,GOOD,Brussels Hoofdstedelijk Gewest,Brussels
Anderlecht,Rue Potaerdenberg ,31,APARTMENT,APARTMENT,285000,FOR_SALE,2,105.0,No,Yes,No,Yes,5.0,Yes,60.0,No info,No info,2,No,GOOD,Brussels Hoofdstedelijk Gewest,Brussels
Ganshoren,Rue Prince Baudouin ,67/15,APARTMENT,APARTMENT,229990,FOR_SALE,2,81.0,No,Yes,No,Yes,8.0,Yes,300.0,No info,No info,2,No,JUST_RENOVATED,Brussels Hoofdstedelijk Gewest,Brussels
Ganshoren,Rue Prince Baudouin ,67/15,APARTMENT,APARTMENT,229990,FOR_SALE,2,81.0,No,Yes,No,Yes,8.0,Yes,300.0,No info,No info,2,No,JUST_RENOVATED,Brussels Hoofdstedelijk Gewest,Brussels
Ganshoren,Rue Prince Baudouin ,67/15,APARTMENT,GROUND_FLOOR,259000,FOR_SALE,2,88.0,No,Yes,No,Yes,40.0,Yes,190.0,No info,No info,2,No,GOOD,Brussels Hoofdstedelijk Gewest,Brussels
Waterloo,drève richelle ,96,APARTMENT,GROUND_FLOOR,365000,FOR_SALE,1,71.0,No,Yes,No,Yes,14.0,Yes,124.0,No info,No info,2,No,JUST_RENOVATED,Brabant wallon,Wallonia
Anderlecht,Rue Potaerdenberg ,31,APARTMENT,GROUND_FLOOR,499000,FOR_SALE,3,162.0,No,Yes,No,Yes,40.0,Yes,370.0,No info,No info,4,No,GOOD,Brussels Hoofdstedelijk Gewest,Brussels
Gent,Sint-Denijslaan ,1,APARTMENT,SERVICE_FLAT,490000,FOR_SALE,2,127.0,No,Yes,No,Yes,80.0,Yes,85.0,No info,No info,2,No,GOOD,Oost-Vlaanderen,Flanders
Ganshoren,Rue Prince Baudouin ,67/15,APARTMENT,LOFT,395000,FOR_SALE,4,179.0,No,Yes,No,Yes,11.0,Yes,200.0,No info,No info,2,No,GOOD,Brussels Hoofdstedelijk Gewest,Brussels
Ganshoren,Rue Prince Baudouin ,67/15,APARTMENT,LOFT,395000,FOR_SALE,4,179.0,No,Yes,No,Yes,11.0,Yes,200.0,No info,No info,2,No,GOOD,Brussels Hoofdstedelijk Gewest,Brussels
Waterloo,"Avenue de l’Etoile Polaire, ",6,APARTMENT,GROUND_FLOOR,850000,FOR_SALE,3,170.0,No,Yes,No,Yes,230.0,Yes,200.0,No info,No info,4,No,GOOD,Brabant wallon,Wallonia
Etterbeek,Avenue de la chasse ,159,APARTMENT,APARTMENT,259000,FOR_SALE,1,74.0,No,Yes,No,Yes,15.0,Yes,30.0,No info,No info,2,No,GOOD,Brussels Hoofdstedelijk Gewest,Brussels
Waterloo,Avenue Reine Astrid ,215,APARTMENT,APARTMENT,705000,FOR_SALE,3,158.0,No,Yes,No,Yes,32.0,Yes,46.0,No info,No info,4,No,AS_NEW,Brabant wallon,Wallonia
Waterloo,Avenue Reine Astrid ,215,APARTMENT,GROUND_FLOOR,371500,FOR_SALE,1,80.0,No,Yes,No,Yes,10.0,Yes,39.0,No info,No info,4,No,AS_NEW,Brabant wallon,Wallonia
Anderlecht,Rue Potaerdenberg ,31,APARTMENT,APARTMENT,335000,FOR_SALE,2,105.0,No,Yes,No,Yes,15.0,Yes,75.0,No info,No info,2,No,TO_BE_DONE_UP,Brussels Hoofdstedelijk Gewest,Brussels
Waterloo,drève richelle ,96,APARTMENT,GROUND_FLOOR,365000,FOR_SALE,1,71.0,No,Yes,No,Yes,14.0,Yes,124.0,No info,No info,2,No,JUST_RENOVATED,Brabant wallon,Wallonia
Etterbeek,Avenue de Tervuren ,113,APARTMENT,DUPLEX,650000,FOR_SALE,5,213.0,No,Yes,No,Yes,5.0,Yes,45.0,No info,No info,2,No,TO_RENOVATE,Brussels Hoofdstedelijk Gewest,Brussels
Waterloo,Avenue Reine Astrid ,215,APARTMENT,GROUND_FLOOR,650000,FOR_SALE,4,210.0,No,No,No,Yes,60.0,Yes,60.0,No info,No info,3,No,GOOD,Brabant wallon,Wallonia
Liège,rue des dominicains ,4E,APARTMENT,GROUND_FLOOR,295000,FOR_SALE,2,104.0,No,Yes,No,Yes,3.0,Yes,83.0,No info,No info,3,No,GOOD,Liège,Wallonia
Etterbeek,Avenue de Tervuren ,113,APARTMENT,GROUND_FLOOR,449000,FOR_SALE,2,116.0,No,Yes,No,Yes,10.0,Yes,55.0,No info,No info,2,No,AS_NEW,Brussels Hoofdstedelijk Gewest,Brussels
Aalst,Brusselbaan ,90,APARTMENT,GROUND_FLOOR,229000,FOR_SALE,2,97.0,No,No,No,Yes,30.0,Yes,60.0,No info,No info,3,No,AS_NEW,Oost-Vlaanderen,Flanders
Gent,Désiré Van Monckhovenstraat ,2,APARTMENT,GROUND_FLOOR,240000,FOR_SALE,1,72.0,No,No,No,Yes,11.0,Yes,15.0,No info,No info,2,No,GOOD,Oost-Vlaanderen,Flanders
Liège,Rue des Fories ,2,APARTMENT,APARTMENT,145000,FOR_SALE,3,114.0,No,Yes,No,Yes,27.0,Yes,50.0,No info,No info,2,No,GOOD,Liège,Wallonia
Liège,Rue des Fories ,2,APARTMENT,APARTMENT,99000,FOR_SALE,1,65.0,No,Yes,No,Yes,20.0,Yes,50.0,No info,No info,2,No,GOOD,Liège,Wallonia
Namur,Avenue Albert ,1er,APARTMENT,GROUND_FLOOR,299000,FOR_SALE,3,126.0,No,Yes,No,Yes,72.0,Yes,60.0,No info,No info,4,No,AS_NEW,Namur,Wallonia
Waterloo,Rue de l'Infante ,123,APARTMENT,GROUND_FLOOR,274000,FOR_SALE,2,102.0,No,No,No,Yes,9.0,Yes,450.0,No info,No info,2,No,JUST_RENOVATED,Brabant wallon,Wallonia
Anderlecht,"Avenue d'Itterbeek, ",60,APARTMENT,GROUND_FLOOR,239000,FOR_SALE,2,70.0,No,Yes,No,Yes,40.0,Yes,40.0,No info,No info,2,No,TO_BE_DONE_UP,Brussels Hoofdstedelijk Gewest,Brussels
Gent,Kortrijksesteenweg ,74,APARTMENT,DUPLEX,244500,FOR_SALE,2,97.0,No info,No,No,Yes,12.0,Yes,39.0,No info,No info,no info,No,No info,Oost-Vlaanderen,Flanders
